code_postale;label;lat;long
05800;st firmin en valgodemard;44.793514305;6.025693765
05800;st maurice en valgodemard;44.798496053;6.112547256
05800;aspres les corps;44.812759793;5.999525437
05800;la chapelle en valgaudemar;44.816614679;6.242955361
05800;villar loubiere;44.836878433;6.135695743
05800;aubessagne;44.7447241;6.029953568
05800;le glaizil;44.747997252;5.974663529
05800;st jacques en valgodemard;44.774267913;6.069542318
04260;allos;44.26188021;6.626633132
04330;barreme;43.946018481;6.377964622
04370;beauvezer;44.14408455;6.597855502
04270;bras d asse;43.926508903;6.126571605
04320;val de chalvagne;43.90470905;6.765453535
04280;cereste;43.850601803;5.589946967
04250;chateaufort;44.27547618;6.029886999
04270;entrages;44.038097556;6.268584989
04200;entrepierres;44.195957297;6.022176931
04270;estoublon;43.943131855;6.193528261
04340;le lauzet ubaye;44.432236396;6.419667353
04300;limans;43.986945683;5.723316286
04250;melve;44.356110232;5.992797499
04270;mezel;43.997939414;6.178912369
04250;la motte du caire;44.341272519;6.029901084
04300;niozelles;43.931981385;5.847109712
04200;les omergues;44.152429755;5.589061033
04230;ongles;44.031788081;5.725284305
04240;st benoit;43.963537056;6.724013449
04380;hautes duyes;44.194662453;6.174168163
04200;st geniez;44.233000719;6.061896639
04200;st vincent sur jabron;44.170036154;5.7479091
04300;sigonce;44.004678993;5.856728185
04330;tartonne;44.078544551;6.383801164
04200;vaumeilh;44.290221939;5.955965989
06310;beaulieu sur mer;43.708203698;7.331518399
06390;berre les alpes;43.837524705;7.330604297
06340;drap;43.758269663;7.337322861
06910;les mujouls;43.871818401;6.859294537
06910;la roque en provence;43.849429011;6.990664945
06340;la trinite;43.74328261;7.339274981
04250;bayons;44.325166073;6.172891445
04330;blieux;43.874518094;6.36267595
04340;ubaye serre poncon;44.441498992;6.31859203
04320;castellet les sausses;44.040311161;6.734635186
04200;chateauneuf miravail;44.153306084;5.717664446
04250;clamensane;44.328611649;6.078454454
04220;corbieres en provence;43.760927778;5.745337356
04270;majastres;43.8981506;6.283322118
04350;malijai;44.033998504;6.050637253
04230;mallefougasse auges;44.076262718;5.898037403
04300;mane;43.938652158;5.743060501
04240;meailles;44.040316899;6.644790156
04200;peipin;44.141686042;5.94282764
04230;revest st martin;44.019570544;5.823168031
04300;st martin les eaux;43.8716154;5.741335785
04290;salignac;44.157860493;5.988662583
04320;sausses;44.012363629;6.779070227
04330;senez;43.922554623;6.368099674
04200;sigoyer;44.322367447;5.961125378
04290;sourribes;44.158626341;6.044877653
04380;thoard;44.147071311;6.124111742
04200;valernes;44.25188317;5.9692573620000005
06320;cap d ail;43.72539042;7.401098833
06910;collongues;43.893331387;6.863788356
06390;contes;43.809015431;7.324343911
06910;roquesteron;43.867789838;7.024253733
06380;sospel;43.884291324;7.447606672
04200;authon;44.249655912;6.15141069
04270;beynes;43.983579453;6.24065297
04200;curel;44.176713274;5.6732270620000005
04250;faucon du caire;44.395857538;6.103779168
04300;forcalquier;43.960406656;5.788177405
04240;le fugeret;44.014756892;6.66533601
04310;ganagobie;44.002652728;5.908005449
04250;gigors;44.423746169;6.141119317
04230;st etienne les orgues;44.067309603;5.7804375
04330;st jacques;43.97662428;6.370782716
04270;st jeannet;43.979439733;6.117855574
04270;st julien d asse;43.926895842;6.077554919
04330;st lions;43.978568734;6.406375046
04220;ste tulle;43.783249852;5.773048992
04200;sisteron;44.20082432;5.930490798
04250;turriers;44.391860001;6.158958855
04200;valbelle;44.136846843;5.876161995
06910;aiglun;43.852732901;6.93495405
06340;cantaron;43.770720418;7.312913862
06910;cuebris;43.889235743;7.003770956
06360;eze;43.729318298;7.360455933
06950;falicon;43.752720296;7.265007981
06370;mouans sartoux;43.618692983;6.964296685
06300;nice;43.712363989;7.237937874
06910;pierrefeu;43.884569419;7.070845578
06910;sallagriffon;43.880756461;6.9129337920000005
04380;barras;44.100626374;6.098443052
04240;braux;43.993121023;6.6990172
04210;brunet;43.885919144;6.033181131
04380;le castellard melan;44.202119682;6.131282474
04330;chaudon norante;43.991870662;6.317152817
04230;fontienne;44.006155656;5.794169899
04230;lardiers;44.084634181;5.726598548
04250;nibles;44.288927751;6.008602523
04200;noyers sur jabron;44.169160423;5.810131124
04300;st maime;43.900936378;5.801209575
04200;theze;44.329566985;5.924564419
04210;valensole;43.838188342;5.942121424
04370;villars colmars;44.198029594;6.5692348460000005
04290;volonne;44.123767029;6.034302161
06390;bendejun;43.830449744;7.284290916
06910;le mas;43.83679644;6.858400301
06380;moulinet;43.953755834;7.413778164
06330;roquefort les pins;43.67427715;7.052968624
06320;la turbie;43.745399443;7.397714435
04240;annot;43.962040954;6.663525802
04200;aubignosc;44.118653848;5.958246498
04250;bellaffaire;44.404191941;6.194438419
04200;bevons;44.177651942;5.879434005
04250;le caire;44.37433891;6.06896198
04200;chateauneuf val st donat;44.095475506;5.931054412
04270;chateauredon;44.026463243;6.224593363
04330;clumanc;44.022015551;6.377560932
04370;colmars les alpes;44.172437764;6.66168455
04230;cruis;44.082753583;5.838310996
04300;dauphin;43.893280114;5.77638145
04320;entrevaux;43.950230255;6.801961931
04200;mison;44.262816876;5.865334108
04230;montlaux;44.040872354;5.85031387
04360;moustiers ste marie;43.838178021;6.228174277
04310;peyruis;44.035747847;5.90499936
04300;pierrerue;43.962462841;5.835882579
04340;meolans revel;44.371302704;6.498137082
04270;senez;43.922554623;6.368099674
04240;ubraye;43.90729568;6.686851013
04250;valavoire;44.279696903;6.075851213
06910;amirat;43.896713676;6.812953852
06390;chateauneuf villevieille;43.798767478;7.29491499
06390;coaraze;43.866233195;7.299283018
06910;sigale;43.875573985;6.966258326
05000;neffes;44.496092067;6.025969136
06160;antibes;43.587761948;7.105220285
05000;la batie vieille;44.5550657;6.15611446
05000;la rochette;44.593102898;6.149168756
06130;grasse;43.655947795;6.931948216
06140;vence;43.738599753;7.10175145
05000;gap;44.580236774;6.064846144
06150;cannes;43.552044875;7.004779118
06110;le cannet;43.572966724;7.00509904
06190;roquebrune cap martin;43.764014213;7.458465918
06140;tourrettes sur loup;43.717255775;7.039136741
05000;chateauvieux;44.484012446;6.051588244
05000;rambaud;44.546852116;6.131984678
06140;coursegoules;43.791274853;7.035702338
06100;nice;43.712363989;7.237937874
05000;la freissinouse;44.535312908;6.008660299
05000;pelleautier;44.510217516;5.999416634
04500;allemagne en provence;43.78872288;6.030340492
04150;banon;44.026971873;5.649836991
04120;castellane;43.844877027;6.490135474
04530;la condamine chatelard;44.462514712;6.696740237
04160;l escale;44.081555126;6.034690847
04170;lambruisse;44.044891154;6.445578878
04510;mallemoisson;44.041625328;6.118316981
04500;montagnac montpezat;43.766551128;6.094529059
04170;la mure argens;44.016829213;6.53211105
04110;reillanne;43.88620694;5.659303427
04110;ste croix a lauze;43.904162192;5.616018077
04140;st martin les seyne;44.38274115;6.256089881
04140;seyne les alpes;44.339132202;6.384349443
04150;simiane la rotonde;43.983812399;5.562440077
04170;thorame haute;44.085874335;6.600976874
04510;aiglun;44.063525614;6.138562636
04170;allons;43.979944656;6.590007837
04510;le chaffaut st jurson;44.023005032;6.141059648
04100;manosque;43.835211125;5.791029867
04510;mirabeau;44.056632875;6.080498968
04110;montjustin;43.845410311;5.649476165
04150;montsalier;44.030024944;5.595247296
04110;oppedette;43.931181939;5.592598631
04500;quinson;43.708130947;6.022570063
04150;redortiers;44.09782088;5.614304495
04500;riez;43.828104868;6.082981449
04500;st laurent du verdon;43.72133856;6.068743021
04130;volx;43.871093244;5.831007048
04170;angles;43.944118651;6.552080036
04150;l hospitalet;44.108367467;5.706893093
04510;malijai;44.033998504;6.050637253
04110;montfuron;43.831686468;5.68830119
04150;revest des brousses;43.975680167;5.675048844
04150;la rochegiron;44.109813138;5.664069611
04150;saumane;44.08124592;5.681884937
04120;soleilhas;43.860287405;6.648283226
04170;thorame basse;44.107426583;6.489551239
04110;aubenas les alpes;43.933926212;5.676594668
04140;barles;44.272819381;6.253258479
04120;demandolx;43.869864581;6.573449828
04190;les mees;43.994664854;5.966128194
04530;val d oronaye;44.444385669;6.849917188
04140;montclar;44.401564953;6.340707691
04120;la palud sur verdon;43.796767293;6.326899957
04120;peyroules;43.817144389;6.643601794
04120;rougon;43.796622967;6.392796619
04500;roumoules;43.821581012;6.148833216
04170;st julien du verdon;43.909716409;6.545852698
04140;selonnet;44.372179233;6.293900207
04110;vacheres;43.94663916;5.635067193
04140;verdaches;44.267823479;6.343515773
04170;vergons;43.915155907;6.604225196
04180;villeneuve;43.895601657;5.857633726
04140;auzet;44.305330708;6.310897275
04160;chateau arnoux st auban;44.085162023;5.992381899
04120;la garde;43.829829243;6.571316881
04170;moriez;43.963722009;6.4626470430000005
04150;revest du bion;44.093859821;5.540549029
04170;st andre les alpes;43.971540112;6.501416781
04500;ste croix du verdon;43.76430696;6.151769775
04530;st paul sur ubaye;44.559030893;6.820763507
04140;le vernet;44.276508863;6.403266408
04110;villemus;43.861713149;5.709298401
05600;ceillac;44.652634828;6.803482883
05600;eygliers;44.692983473;6.667227336
05600;mont dauphin;44.669061454;6.624662426
05600;st crepin;44.724680582;6.635500617
05600;reotier;44.681335205;6.564118714
05600;risoul;44.624541358;6.623016283
05600;guillestre;44.667624023;6.700554933
05600;st clement sur durance;44.647524808;6.560668027
04700;oraison;43.911273496;5.924809757
04000;la robine sur galabre;44.192598994;6.230725886
06420;bairols;43.98717203;7.119553338
06400;cannes;43.552044875;7.004779118
06470;entraunes;44.21459724;6.762868362
06460;escragnolles;43.729492659;6.783590869
06440;luceram;43.901066039;7.352197638
06420;marie;44.034521472;7.157739659
06440;peillon;43.772891591;7.371900725
06470;peone;44.129970497;6.92137539
06450;st martin vesubie;44.102178266;7.302778686
06470;sauze;44.085380154;6.801119616
06470;villeneuve d entraunes;44.121920142;6.781482107
04000;digne les bains;44.090710201;6.235848586
04000;la javie;44.197120293;6.322251467
06470;beuil;44.108478227;6.972218344
06410;biot;43.628007144;7.08335122
06420;isola;44.187513052;7.074938673
06440;peille;43.806648629;7.411504042
06450;utelle;43.927546341;7.238821475
06450;venanson;44.041650523;7.238730977
06430;la brigue;44.071691811;7.651378687
04700;la brillanne;43.931944803;5.884425381
04700;entrevennes;43.938338945;6.033920578
06450;belvedere;44.056319057;7.373545722
06450;la bollene vesubie;43.995641033;7.372031769
06470;chateauneuf d entraunes;44.163644006;6.834818939
06420;ilonse;44.035069016;7.090305268
06420;rimplas;44.102467102;7.14524
06420;st sauveur sur tinee;44.121400348;7.118292814
06440;touet de l escarene;43.852255883;7.377939688
06420;la tour;43.962705995;7.200508934
06420;tournefort;43.941408648;7.158713326
06420;valdeblore;44.112931743;7.195957589
06430;tende;44.099792877;7.540536917
04700;le castellet;43.919932559;5.979391537
06440;blausasc;43.79408163;7.360684718
06460;caussols;43.737294101;6.90330973
06480;la colle sur loup;43.686966601;7.097388889
06440;l escarene;43.834043043;7.366037805
06470;guillaumes;44.088264348;6.875178465
06450;lantosque;43.970853507;7.304565835
06450;roquebilliere;44.027164485;7.292560994
04000;entrages;44.038097556;6.268584989
04700;lurs;43.969893351;5.88003029
04700;puimichel;43.979161836;6.025008509
06420;clans;44.004753796;7.178896018
06470;daluis;44.038701304;6.799744015
06420;roubion;44.108215666;7.02806965
06420;roure;44.1191026;7.066728106
06470;st martin d entraunes;44.149352889;6.746033616
06460;st vallier de thiey;43.6968824;6.850884925
13190;allauch;43.353259041;5.5113703560000005
13390;auriol;43.360824036;5.658498886
13121;aurons;43.671408402;5.14893774
13720;belcodene;43.421806693;5.584397782
13320;bouc bel air;43.447273393;5.412533849
13720;la bouilladisse;43.397035096;5.620221036
13160;chateaurenard;43.882096929;4.8396491820000005
13510;eguilles;43.570986663;5.328913604
13580;la fare les oliviers;43.5545516;5.202525748
13270;fos sur mer;43.456073172;4.90416812
13120;gardanne;43.452893946;5.480110629
13420;gemenos;43.298134475;5.644392559
13180;gignac la nerthe;43.390574029;5.22802949
13850;greasque;43.426728408;5.547134777
13410;lambesc;43.661719049;5.252274284
13500;martigues;43.379764276;5.049565722
13103;mas blanc des alpilles;43.787868348;4.763570465
13890;mouries;43.70113076;4.890903821
13640;la roque d antheron;43.717584796;5.301421636
13740;le rove;43.365099362;5.253038921
13250;st chamas;43.543835328;5.072933506
13115;st paul les durance;43.685505267;5.7535265550000005
13119;st savournin;43.405411505;5.530991972
13530;trets;43.437815697;5.700181464
13116;vernegues;43.684090305;5.188342015
13127;vitrolles;43.449805347;5.263415824
13006;marseille;43.28692858;5.38060836
13008;marseille;43.237719202;5.374853726
13009;marseille;43.234464779;5.452743942
13013;marseille;43.349979361;5.4338477
13016;marseille;43.365354094;5.313224654
13080;aix en provence;43.536112304;5.398630399
13100;aix en provence;43.536112304;5.398630399
13980;alleins;43.707442219;5.151455
13104;arles;43.546935152;4.661799679
13930;aureille;43.699234246;4.945119894
13570;barbentane;43.894767545;4.749594272
13520;les baux de provence;43.745580575;4.802725311
13100;beaurecueil;43.521870777;5.546077752
13440;cabannes;43.858397376;4.958194081
13480;cabries;43.449756902;5.349599278
13350;charleval;43.721134572;5.245429708
13220;chateauneuf les martigues;43.386142986;5.147657914
13600;la ciotat;43.192551743;5.612770934
13820;ensues la redonne;43.353803023;5.199321433
13810;eygalieres;43.762101604;4.952184965
13710;fuveau;43.459708979;5.553450411
13450;grans;43.614263657;5.045519726
13118;istres;43.550505683;4.950589268
13680;lancon provence;43.575979546;5.159318842
13370;mallemort;43.728669476;5.18355746
13650;meyrargues;43.624133454;5.523198888
13660;orgon;43.779537485;5.023722987
13821;la penne sur huveaune;43.27661322;5.51871163
13170;les pennes mirabeau;43.402925406;5.315756939
13870;rognonas;43.900188476;4.798788362
13830;roquefort la bedoule;43.251128953;5.629565904
13670;st andiol;43.830524399;4.950196347
13760;st cannat;43.613572792;5.306926325
13610;st esteve janson;43.692541694;5.389600541
13103;st etienne du gres;43.785016131;4.735487141
13210;st remy de provence;43.783286385;4.853300341
13560;senas;43.744641026;5.087392063
13240;septemes les vallons;43.393307784;5.380786979
13100;le tholonet;43.519899658;5.50832654
13880;velaux;43.523915071;5.249376461
13122;ventabren;43.542076484;5.306136441
13111;coudoux;43.56033225;5.254538289
13003;marseille;43.311799717;5.379369698
13010;marseille;43.27512533;5.427737029
13090;aix en provence;43.536112304;5.398630399
13290;aix en provence;43.536112304;5.398630399
13540;aix en provence;43.536112304;5.398630399
13123;arles;43.546935152;4.661799679
13200;arles;43.546935152;4.661799679
13280;arles;43.546935152;4.661799679
13400;aubagne;43.29362258;5.563232443
13620;carry le rouet;43.342655918;5.154151649
13250;cornillon confoux;43.578600602;5.076722023
13112;la destrousse;43.376874037;5.598494392
13800;istres;43.550505683;4.950589268
13490;jouques;43.633231207;5.656549983
13550;noves;43.858835012;4.899484713
13860;peyrolles en provence;43.628438272;5.577127616
13380;plan de cuques;43.366506701;5.464856433
13340;rognac;43.496969737;5.231164978
13360;roquevaire;43.343598243;5.5977055270000005
13100;st marc jaumegarde;43.556466723;5.522281569
13730;st victoret;43.414001784;5.253281235
13960;sausset les pins;43.345494951;5.117889047
13150;tarascon;43.794219007;4.686203242
13670;verquieres;43.838554183;4.919085655
13007;marseille;43.281503499;5.3591154880000005
13011;marseille;43.288326447;5.483674741
13012;marseille;43.308023858;5.439626749
13014;marseille;43.344765547;5.393158616
13130;berre l etang;43.503561063;5.160358477
13150;boulbon;43.867948414;4.697359608
13260;cassis;43.223157649;5.550671108
13990;fontvieille;43.723223343;4.722458135
13690;graveson;43.854050821;4.76721401
13113;lamanon;43.705102322;5.088833335
13910;maillane;43.82310965;4.7849148150000005
13117;martigues;43.379764276;5.049565722
13520;maussane les alpilles;43.714424312;4.832972989
13150;st pierre de mezoargues;43.860972417;4.657077815
13140;miramas;43.584165604;5.013905402
13520;paradou;43.708352976;4.778037373
13330;pelissanne;43.630857227;5.159858901
13124;peypin;43.384453702;5.571560948
13750;plan d orgon;43.817770158;5.002505597
13110;port de bouc;43.42352416;4.992071202
13230;port st louis du rhone;43.416405935;4.805565377
13114;puyloubier;43.518828262;5.677622961
13100;st antonin sur bayon;43.516742412;5.593739751
13310;st martin de crau;43.612027918;4.856371905
13920;st mitre les remparts;43.455465623;5.01513305
13300;salon de provence;43.646321793;5.067827841
13470;carnoux en provence;43.258624794;5.566047602
13001;marseille;43.299974296;5.382708717
13002;marseille;43.31475581;5.361219235
13004;marseille;43.306645714;5.401052873
13005;marseille;43.292388629;5.398198756
13129;arles;43.546935152;4.661799679
13330;la barben;43.618905807;5.213167295
13950;cadolive;43.394299567;5.533107563
13600;ceyreste;43.223774487;5.636120431
13790;chateauneuf le rouge;43.491237842;5.568948172
13780;cuges les pins;43.28081467;5.710091739
13430;eyguieres;43.702739271;5.015680782
13630;eyragues;43.842877065;4.843612704
13700;marignane;43.417591878;5.212042791
13590;meyreuil;43.490858696;5.500425
13105;mimet;43.412567924;5.49840573
13940;molleges;43.80510551;4.949319831
13790;peynier;43.439753284;5.625452162
13610;le puy ste reparade;43.651614011;5.439714957
13840;rognes;43.664860999;5.352064736
13790;rousset;43.483978045;5.624362028
13460;saintes maries de la mer;43.504170486;4.46441678
13109;simiane collongue;43.411463612;5.437590923
13126;vauvenargues;43.558732568;5.612876318
13770;venelles;43.593269699;5.490760987
13015;marseille;43.359489341;5.363363082
83600;les adrets de l esterel;43.535505556;6.811387044
83840;le bourguet;43.78016478;6.503998008
83170;brignoles;43.399401712;6.077259026
83340;cabasse;43.427086333;6.232278755
83440;callian;43.61253718;6.757001087
83570;carces;43.469117875;6.177308069
83320;carqueiranne;43.09688902;6.071635417
83330;le castellet;43.227233319;5.765774017
83170;la celle;43.384615543;5.999693088
83610;collobrieres;43.241371951;6.339999351
83840;comps sur artuby;43.703599458;6.503063279
83330;evenos;43.186355963;5.872957836
83830;figanieres;43.567375768;6.498391155
83136;forcalqueiret;43.33654789;6.091094959
83670;fox amphoux;43.595364309;6.109336549
83600;frejus;43.471998616;6.7637263690000005
83560;ginasservis;43.658988789;5.837137853
83400;hyeres;43.116948473;6.158103808
83980;le lavandou;43.166030286;6.412733795
83840;la martre;43.76343156;6.59252078
83670;montmeyan;43.648454369;6.061222773
83920;la motte;43.507734582;6.551031463
83390;pierrefeu du var;43.234569411;6.179362727
83640;plan d aups ste baume;43.333871991;5.739107267
83670;ponteves;43.550811651;6.062671454
83630;regusse;43.667666423;6.117347402
83200;le revest les eaux;43.182545234;5.94517791
83560;rians;43.605503094;5.741068102
83136;rocbaron;43.306502423;6.084022816
83120;ste maxime;43.35649617;6.611646935
83470;st maximin la ste baume;43.45100522;5.859376342
83530;st raphael;43.457632505;6.8474878320000006
83470;seillons source d argens;43.515007854;5.877309853
83670;tavernes;43.600500324;6.021177685
83200;toulon;43.136537115;5.93259923
83440;tourrettes;43.613976739;6.723702651
83560;la verdiere;43.646725514;5.952334128
83630;verignon;43.662354537;6.276715147
83170;vins sur caramy;43.432791744;6.14944646
83430;st mandrier sur mer;43.075854063;5.927093074
83510;st antonin du var;43.511291969;6.289491568
84400;auribeau;43.829840255;5.447994919
84340;beaumont du ventoux;44.182508183;5.213201099
84410;bedoin;44.137350993;5.234739322
84390;brantes;44.185341393;5.3321514
84480;buoux;43.821582038;5.374537687
84240;cabrieres d aigues;43.791049388;5.492092378
84400;castellet en luberon;43.834725457;5.481243201
84470;chateauneuf de gadagne;43.928059236;4.942552354
84110;crestet;44.210479281;5.086133454
84320;entraigues sur la sorgue;43.995554865;4.932743838
84190;gigondas;44.1663461;5.012136134
84220;gordes;43.909437899;5.198111507
84600;grillon;44.394592544;4.93442808
84290;lagarde pareol;44.227479406;4.8512719650000005
84840;lamotte du rhone;44.276442512;4.675412628
84220;lioux;43.979628899;5.309017016
84220;murs;43.964977499;5.242867383
84580;oppede;43.831476862;5.170066721
84110;puymeras;44.285140791;5.136768959
84110;rasteau;44.232328945;4.980417299
84440;robion;43.851701357;5.110242206
84210;la roque sur pernes;43.974284564;5.10234
84220;roussillon;43.901341521;5.292125185
84290;ste cecile les vignes;44.235735946;4.889253722
84750;st martin de castillon;43.85513174;5.519311045
84290;st roman de malegarde;44.262539847;4.956138782
84390;sault;44.073121359;5.399033015
84110;seguret;44.216454446;5.028714495
84400;sivergues;43.822769493;5.416110847
84160;vaugines;43.778263798;5.406083095
84740;velleron;43.961420103;5.028204235
84210;venasque;43.985277605;5.16499235
83460;les arcs;43.451060353;6.489705497
83600;bagnols en foret;43.533274119;6.708934374
83150;bandol;43.147802391;5.747556336
83210;belgentier;43.239831488;5.996173887
83890;besse sur issole;43.339966739;6.1779088380000005
83119;brue auriac;43.527567689;5.937031994
83740;la cadiere d azur;43.203491632;5.725122471
83300;chateaudouble;43.623888872;6.435755229
83670;chateauvert;43.501301323;6.01101037
83840;chateauvieux;43.788294257;6.596183055
83260;la crau;43.163501013;6.09283597
83570;entrecasteaux;43.511361565;6.234750523
83560;esparron;43.587265552;5.8488503210000005
83440;fayence;43.61027871;6.678510678
83440;montauroux;43.598693914;6.789332841
83190;ollioules;43.139064375;5.854110349
83790;pignans;43.296765224;6.253968886
83480;puget sur argens;43.471922589;6.686208116
83380;roquebrune sur argens;43.428640587;6.651852932
83136;la roquebrussanne;43.336957299;5.983728661
83136;ste anastasie sur issole;43.333370774;6.124850912
83270;st cyr sur mer;43.172604284;5.708900987
83560;st julien;43.700018425;5.9145497680000005
83990;st tropez;43.262398306;6.663587018
83690;salernes;43.561684829;6.228989057
83110;sanary sur mer;43.13878141;5.795702599
83500;la seyne sur mer;43.08924215;5.870866841
83140;six fours les plages;43.0863928;5.827525565
83210;sollies ville;43.178261675;6.017938691
83460;taradeau;43.460748261;6.430592993
83340;le thoronet;43.458837193;6.283676405
83820;rayol canadel sur mer;43.164153626;6.475314013
84210;althen des paluds;44.005174387;4.958647652
84240;ansouis;43.736610005;5.472027536
84390;aurel;44.138204203;5.396755865
84330;le barroux;44.154558416;5.099882163
84220;beaumettes;43.863322627;5.203026546
84480;bonnieux;43.826950498;5.314742987
84160;cadenet;43.730287843;5.383519168
84850;camaret sur aigues;44.159856068;4.884064554
84200;carpentras;44.059401057;5.061441954
84510;caumont sur durance;43.891652897;4.95616168
84300;cavaillon;43.85053009;5.036113692
84360;lauris;43.763206405;5.302982751
84560;menerbes;43.824118794;5.221006415
84120;mirabeau;43.704643567;5.642882808
84390;monieux;44.057436428;5.341257833
84310;morieres les avignon;43.933579572;4.90857416
84130;le pontet;43.968547069;4.865240397
84110;roaix;44.255151652;5.01495182
84240;sannes;43.757264196;5.487646861
84800;saumane de vaucluse;43.937971109;5.111709226
84700;sorgues;44.015034002;4.866757059
84190;suzette;44.171485238;5.061968024
84530;villelaure;43.707420541;5.430834864
83840;bargeme;43.729949565;6.571045401
83670;barjols;43.552469485;5.987665857
83840;la bastide;43.747937021;6.632908232
83149;bras;43.470276552;5.958376761
83170;camps la source;43.373075075;6.12023956
83570;cotignac;43.523396497;6.14459237
83210;la farlede;43.161547887;6.042887492
83340;flassans sur issole;43.376456675;6.221855089
83780;flayosc;43.542368059;6.362986898
83370;frejus;43.471998616;6.7637263690000005
83130;la garde;43.126817292;6.019395152
83136;gareoult;43.340180553;6.040515622
83580;gassin;43.239612711;6.585814204
83310;grimaud;43.282309787;6.533078256
83340;le luc;43.380492372;6.306553979
83136;meounes les montrieux;43.273712699;5.967082204
83570;montfort sur argens;43.481428079;6.125546986
83490;le muy;43.46874;6.576981879
83860;nans les pins;43.379045269;5.784977895
83136;neoules;43.294362764;6.026162139
83120;le plan de la tour;43.338480402;6.547734778
83520;roquebrune sur argens;43.428640587;6.651852932
83840;la roque esclapon;43.720954726;6.648787392
83170;rougiers;43.382283448;5.851064648
83700;st raphael;43.457632505;6.8474878320000006
83440;seillans;43.64680917;6.612801997
83870;signes;43.277606259;5.857143898
83440;tanneron;43.575103131;6.856352088
83720;trans en provence;43.50209294;6.489066856
83840;trigance;43.741506371;6.436563889
84140;avignon;43.935441391;4.841098248
84120;la bastidonne;43.693594717;5.577953312
84210;le beaucet;43.974770904;5.130795808
84370;bedarrides;44.048012659;4.907946161
84110;buisson;44.276284942;5.001523495
84860;caderousse;44.110288299;4.743713416
84330;caromb;44.111970943;5.106880021
84750;caseneuve;43.888584878;5.479847169
84230;chateauneuf du pape;44.060037857;4.827345437
84350;courthezon;44.086786568;4.882075425
84410;crillon le brave;44.118183107;5.151254357
84160;cucuron;43.778272757;5.443158293
84400;gignac;43.92793003;5.523415981
84400;lagarde d apt;43.984255113;5.481344492
84840;lapalud;44.306638028;4.67983977
84100;orange;44.128989058;4.810276775
84240;peypin d aigues;43.796321889;5.559406181
84190;la roque alric;44.144674981;5.068733958
84400;rustrel;43.929823965;5.475520137
84110;sablet;44.194625067;5.001057038
84390;st christol;44.031283904;5.503658976
84210;st didier;44.009469643;5.108246227
84330;st hippolyte le graveyron;44.120796433;5.076060908
84110;st marcellin les vaison;44.237680214;5.101948419
84330;st pierre de vassols;44.095225784;5.144343084
84490;st saturnin les apt;43.959082698;5.373238088
84260;sarrians;44.099418305;4.957307748
84240;la tour d aigues;43.721716606;5.56738522
84850;travaillan;44.189438315;4.908368837
84110;vaison la romaine;44.247876503;5.060194565
84270;vedene;43.971115337;4.902945698
84820;visan;44.326875817;4.944154695
83630;aiguines;43.72853546;6.304429485
83111;ampus;43.628565104;6.372011613
83560;artigues;43.576458729;5.802377665
83630;aups;43.624951741;6.221333281
83630;baudinard sur verdon;43.713641032;6.133621041
83630;bauduen;43.715553173;6.202629896
83330;le beausset;43.207599292;5.820699742
83230;bormes les mimosas;43.162362497;6.349491009
83340;le cannet des maures;43.373762201;6.375430928
83660;carnoules;43.294452147;6.196839152
83310;cogolin;43.246786273;6.521154338
83570;correns;43.486441513;6.068262984
83420;la croix valmer;43.195605414;6.585791542
83680;la garde freinet;43.323590674;6.467028664
83250;la londe les maures;43.16893078;6.242559738
83510;lorgues;43.481755142;6.358776887
83340;les mayons;43.306581152;6.359963655
83136;mazaugues;43.344667251;5.894997636
83630;moissac bellevue;43.647154809;6.166961039
83131;montferrat;43.636470394;6.47847346
83470;ollieres;43.510453473;5.816777065
83910;pourrieres;43.49405958;5.747046397
83220;le pradet;43.100102875;6.028054834
83390;puget ville;43.276478851;6.14917647
83350;ramatuelle;43.218660031;6.637286952
13780;riboux;43.307663398;5.757074525
83440;st paul en foret;43.565307082;6.683044497
83210;sollies pont;43.190827953;6.063279006
83210;sollies toucas;43.212574967;5.9869655470000005
83100;toulon;43.136537115;5.93259923
83690;tourtour;43.593480329;6.310811397
84240;la bastide des jourdans;43.794546657;5.647002859
84120;beaumont de pertuis;43.737407377;5.696119266
84570;blauvac;44.037024518;5.243949368
84220;cabrieres d avignon;43.89592032;5.153119091
84460;cheval blanc;43.788643275;5.124251803
84340;entrechaux;44.222281548;5.13356909
84400;gargas;43.896300301;5.343541623
84220;goult;43.8673063;5.248269902
84220;joucas;43.926834624;5.25282527
84190;lafare;44.15529569;5.049986263
84800;lagnes;43.892516491;5.114850474
84160;lourmarin;43.777938467;5.365744432
84340;malaucene;44.188572153;5.149917247
84660;maubec;43.841955502;5.137315241
84380;mazan;44.054667772;5.130335646
84360;merindol;43.761708925;5.200721923
84570;methamis;44.012910333;5.253178439
84430;mondragon;44.243316161;4.724608331
84170;monteux;44.033895684;4.984764213
84240;la motte d aigues;43.784204703;5.521454341
84120;pertuis;43.687552946;5.520114663
84400;saignon;43.860337835;5.437886405
84390;st leger du ventoux;44.205989197;5.270873405
84760;st martin de la brasque;43.764162851;5.539433778
84220;st pantaleon;43.878482126;5.216626494
84390;st trinit;44.096394219;5.478685674
84100;uchaux;44.215720166;4.801821427
84600;valreas;44.376863101;4.993552541
84800;fontaine de vaucluse;43.922148851;5.13128447
84400;villars;43.951412488;5.433435101
84110;villedieu;44.288369878;5.04762668
84570;villes sur auzon;44.06615941;5.257349726
84150;violes;44.176754878;4.951343752
84240;vitrolles en luberon;43.813665134;5.598491039
83630;artignosc sur verdon;43.693733679;6.108134862
83830;bargemon;43.633547435;6.542512889
83840;brenon;43.765572332;6.53776499
83830;callas;43.565639763;6.573592517
83240;cavalaire sur mer;43.181913199;6.520970649
83830;claviers;43.599015472;6.585726109
83390;cuers;43.241226303;6.068335398
83300;draguignan;43.535944749;6.454517999
83590;gonfaron;43.32041684;6.300404384
83310;la mole;43.216084859;6.47635865
83440;mons;43.698851096;6.709315573
83470;pourcieux;43.464740837;5.788514618
83560;st martin de pallieres;43.574139001;5.8882352860000005
83640;st zacharie;43.377720814;5.718253943
83630;les salles sur verdon;43.768127969;6.206321255
83690;sillans la cascade;43.56600477;6.165546454
83000;toulon;43.136537115;5.93259923
83170;tourves;43.408846352;5.926969004
83143;le val;43.445700753;6.051575213
83160;la valette du var;43.150224712;5.9918252370000005
83670;varages;43.596234621;5.944941932
83550;vidauban;43.401352448;6.449345605
83690;villecroze;43.564911115;6.284724393
83560;vinon sur verdon;43.722271198;5.807383514
84400;apt;43.879017119;5.38838917
84810;aubignan;44.097613099;5.032124671
84000;avignon;43.935441391;4.841098248
84190;beaumes de venise;44.12360044;5.028693813
84500;bollene;44.288058774;4.752512749
84290;cairanne;44.230180072;4.933261008
84110;faucon;44.252378442;5.142941179
84410;flassan;44.098620985;5.264533135
84240;grambois;43.760837462;5.604418896
84800;l isle sur la sorgue;43.913114892;5.056312189
84450;jonquerettes;43.949769223;4.944109584
84150;jonquieres;44.132179539;4.913400869
84480;lacoste;43.82604211;5.266142488
84870;loriol du comtat;44.075447966;5.005070394
84570;malemort du comtat;44.01923575;5.167740464
84330;modene;44.106054075;5.128036037
84570;mormoiron;44.069938604;5.19088187
84550;mornas;44.203929633;4.739977331
84210;pernes les fontaines;43.996103878;5.040082836
84420;piolenc;44.177716983;4.765961467
84360;puget;43.769300372;5.256972346
84160;puyvert;43.749853969;5.3378667140000005
84600;richerenches;44.355431906;4.903692894
84110;st romain en viennois;44.262108597;5.101913718
84450;st saturnin les avignon;43.962666339;4.940693838
84390;savoillan;44.174825153;5.372080932
84830;serignan du comtat;44.193988174;4.847630621
84300;taillades;43.831424833;5.094660627
84250;le thor;43.928289736;4.99312206
84190;vacqueyras;44.145482822;4.979230021
84750;viens;43.903460025;5.560322168
06620;le bar sur loup;43.69919587;6.961901751
06670;castagniers;43.792498564;7.22781124
06670;levens;43.850270722;7.240062794
06660;st dalmas le selvage;44.289608147;6.841124353
06660;st etienne de tinee;44.249071077;6.924614376
06560;valbonne;43.628057549;7.029318403
04660;champtercier;44.096652172;6.144287061
04800;st martin de bromes;43.777138423;5.9614278810000005
06510;bouyon;43.825429432;7.126048104
06510;consegudes;43.840773571;7.044982232
06510;les ferres;43.842426135;7.093460901
06540;fontan;44.021835341;7.544621929
06620;gourdon;43.724344554;6.963690819
06650;opio;43.657884088;7.008292211
06670;la roquette sur var;43.833121283;7.204796893
06670;st blaise;43.813405911;7.231036162
06570;st paul de vence;43.694850951;7.121052961
06530;speracedes;43.653267473;6.857465781
06590;theoule sur mer;43.498528479;6.92979396
04600;chateau arnoux st auban;44.085162023;5.992381899
04800;esparron de verdon;43.743694432;5.988997369
06530;cabris;43.660108934;6.878443003
06500;castillon;43.836166164;7.465192851
06620;cipieres;43.769787869;6.928424581
06510;gattieres;43.765091397;7.169315639
06610;la gaude;43.721154488;7.159979747
06520;grasse;43.655947795;6.931948216
06540;saorge;43.993923699;7.53714378
04800;greoux les bains;43.767601156;5.865168462
04870;st michel l observatoire;43.909537513;5.720175386
06600;antibes;43.587761948;7.105220285
06540;breil sur roya;43.940231076;7.503686305
06510;le broc;43.815169637;7.15970157
06670;duranus;43.893637625;7.279665671
06500;menton;43.791862947;7.493340539
06550;la roquette sur siagne;43.585405273;6.94985328
06650;le rouret;43.679598067;7.010240499
06530;st cezaire sur siagne;43.659765012;6.803003486
06690;tourrette levens;43.786501099;7.272671335
04850;jausiers;44.387641542;6.786576163
04600;montfort;44.058584917;5.952291264
04860;pierrevert;43.806506526;5.722192402
06510;bezaudun les alpes;43.803773081;7.093057164
06510;carros;43.784756619;7.184265344
06500;castellar;43.821768857;7.499043436
06670;colomars;43.758646519;7.223380391
06620;courmes;43.752512486;7.017552151
06500;gorbio;43.78613749;7.444438994
06620;greolieres;43.807349377;6.932138589
06580;pegomas;43.587054102;6.921780584
06530;peymeinade;43.630626198;6.88147969
06500;ste agnes;43.804704332;7.46159515
06640;st jeannet;43.75904128;7.140602155
06670;st martin du var;43.816588633;7.199542248
06530;le tignet;43.624075656;6.852550628
05110;curbans;44.408358162;6.029812711
05260;chabottes;44.647656725;6.167295644
05700;chanousse;44.364610144;5.660014819
05230;chorges;44.54569412;6.288031885
05200;embrun;44.580659411;6.4757196310000005
05190;espinasses;44.492498311;6.232488404
05140;la faurie;44.567220943;5.740610682
05500;laye;44.641984097;6.071415051
05400;manteyer;44.533375098;5.950183417
05140;montbrand;44.591693029;5.6676536330000005
05100;montgenevre;44.939278839;6.727939354
05400;montmaur;44.590386653;5.885553981
05700;montrond;44.387093771;5.74635717
05170;orcieres;44.683805664;6.34901996
05200;les orres;44.485055398;6.579809831
05400;oze;44.506004785;5.79903209
05290;vallouise pelvoux;44.872925252;6.426552143
05100;puy st pierre;44.897861893;6.6045589840000005
05400;la roche des arnauds;44.584108461;5.96017732
05150;rosans;44.400636504;5.46131633
05500;st bonnet en champsaur;44.697641252;6.099255379
05260;st jean st nicolas;44.674487268;6.230922213
05140;st julien en beauchene;44.626245808;5.72001656
05260;st leger les melezes;44.646796288;6.21183244
05200;st sauveur;44.537103283;6.529370733
05400;le saix;44.463813455;5.833781653
05700;savournon;44.423665695;5.799423827
05130;valserres;44.489450769;6.138105639
06800;cagnes sur mer;43.672201175;7.152404366
06850;gars;43.861009337;6.816294353
06710;massoins;43.947939885;7.123987377
06850;st auban;43.830948455;6.739645284
06700;st laurent du var;43.686382321;7.182232303
06750;seranon;43.765370896;6.6910368810000005
06830;tourette du chateau;43.877469719;7.137336372
05120;l argentiere la bessee;44.782070828;6.472010482
05140;aspremont;44.493223136;5.720869788
05140;aspres sur buech;44.560462282;5.786094829
05190;breziers;44.420980682;6.223550677
05100;briancon;44.899517292;6.649260634
05100;cervieres;44.853314036;6.765254072
05500;aubessagne;44.7447241;6.029953568
05200;crevoux;44.537628323;6.624869704
05140;la haute beaume;44.568560384;5.62856726
05100;nevache;45.044117938;6.598776794
05500;poligny;44.685161511;6.034247237
05200;puy sanieres;44.556521541;6.43679687
05160;reallon;44.610656103;6.361066429
05190;rochebrune;44.45210792;6.192158194
05190;rousset;44.484860334;6.267224857
05400;st auban d oze;44.487952961;5.848709597
05250;le devoluy;44.684793407;5.890858686
05500;st laurent du cros;44.634191325;6.10904639
05160;savines le lac;44.526733793;6.394528554
05700;trescleoux;44.354959456;5.718556716
06790;aspremont;43.775843156;7.244763165
06830;bonson;43.862030734;7.182702004
06850;brianconnet;43.865150751;6.745082195
06740;chateauneuf grasse;43.663657239;6.970601427
06710;malaussene;43.915440714;7.141271688
06830;revest les roches;43.883760226;7.167898923
06710;thiery;43.974208717;7.042552901
06750;valderoure;43.793892178;6.708554371
06710;villars sur var;43.951355877;7.079983518
05160;pontis;44.495756708;6.364976647
05460;abries ristolas;44.774752599;6.967890004
05470;aiguilles;44.779667302;6.875268309
05230;avancon;44.533968925;6.191633785
05230;la batie neuve;44.579859313;6.213234463
05150;valdoule;44.459637603;5.521814225
05500;buissard;44.657319076;6.147207724
05400;chabestan;44.477108469;5.783257643
05700;l epine;44.424527243;5.6106048390000005
05110;esparron;44.462606109;5.892973952
05500;la fare en champsaur;44.665906285;6.057979533
05400;furmeyer;44.536999512;5.876085379
05700;mereuil;44.383784081;5.7122633480000005
05150;montjay;44.366604207;5.614585043
05700;orpierre;44.315006489;5.705886942
05200;puy st eusebe;44.568960161;6.410786511
05400;rabou;44.606085145;6.011001202
05200;st andre d embrun;44.58694857;6.571100472
05700;ste colombe;44.289156685;5.668118003
05120;st martin de queyrieres;44.837914226;6.582448375
05240;la salle les alpes;44.952685908;6.565169995
05700;sigottier;44.458237246;5.6859058860000005
05130;sigoyer;44.480579175;5.969557907
05100;villar st pancrace;44.839376537;6.650357831
05110;vitrolles;44.424231676;5.947478429
06810;auribeau sur siagne;43.612021484;6.911660116
06750;caille;43.768954071;6.75662812
06730;st andre de la roche;43.745200317;7.288470519
06710;touet sur var;43.943578383;7.013772838
05200;baratier;44.504348928;6.50566626
05110;barcillonnette;44.430111214;5.905139193
05700;le bersac;44.405901165;5.753709761
05200;crots;44.4962384;6.4619002210000005
05700;etoile st cyrice;44.321081872;5.643692946
05260;forest st julien;44.629750934;6.141418976
05110;lardier et valenca;44.437077507;5.973296701
05500;la motte en champsaur;44.740818336;6.128836095
05700;la piarre;44.478428598;5.648731725
05230;prunieres;44.543444774;6.336974173
05100;puy st andre;44.891257564;6.566326407
05290;puy st vincent;44.814289823;6.464203869
05190;remollon;44.471613471;6.159540038
05150;ribeyret;44.410499973;5.55778133
05160;st apollinaire;44.557252776;6.355089557
05130;st etienne le laus;44.507922275;6.163314205
05500;st julien en champsaur;44.668325095;6.12919955
05160;le sauze du lac;44.48587715;6.323359626
05700;serres;44.421324064;5.71540376
05150;sorbiers;44.36226465;5.573277674
05130;tallard;44.45907133;6.044501043
05120;les vigneaux;44.821555493;6.537145563
06830;gilette;43.848176433;7.161118516
06830;toudon;43.891965757;7.108033544
05110;claret;44.374065284;5.965022565
05130;piegut;44.453184157;6.131485794
05130;venterol;44.442551074;6.087228236
05260;ancelle;44.619107267;6.229122478
05700;la batie montsaleon;44.455896935;5.749349992
05140;la beaume;44.548432656;5.653934209
05260;champoleon;44.74560614;6.272964882
05400;chateauneuf d oze;44.505342688;5.898098469
05130;fouillouse;44.452823783;6.000215944
05130;jarjayes;44.505921111;6.108066359
05130;lettret;44.481210056;6.072122714
05110;monetier allemont;44.393288141;5.933518333
05220;le monetier les bains;44.995713709;6.469820034
05700;montclus;44.414939257;5.669417035
05230;montgardin;44.543771435;6.233478589
05150;moydans;44.409667918;5.509327059
05700;nossage et benevent;44.309821201;5.754356803
05500;le noyer;44.699730703;6.000859431
05150;st andre de rosans;44.364512004;5.521361613
05260;st michel de chaillol;44.688638268;6.169674103
05140;st pierre d argencon;44.519845055;5.690310003
05110;la saulce;44.430853864;6.011359017
05190;theus;44.485334901;6.196755098
05100;val des pres;44.950599019;6.666783248
05560;vars;44.592656172;6.71374133
05400;veynes;44.557376774;5.822928594
05480;villar d arene;45.000169779;6.364130672
06750;andon;43.776942181;6.82324955
06210;mandelieu la napoule;43.538222874;6.9181405090000005
06260;pierlas;44.03461628;7.017204334
06260;puget theniers;43.952143651;6.905490871
06220;vallauris;43.576531338;7.058100886
06270;villeneuve loubet;43.649426788;7.106832372
06260;auvare;44.006897162;6.915237642
06240;beausoleil;43.747692843;7.421685673
06260;st antonin;43.908100267;6.976151704
06230;st jean cap ferrat;43.687081116;7.330302516
06230;villefranche sur mer;43.711978375;7.320874238
06260;st pierre;43.908811401;6.922510856
06260;ascros;43.919400433;7.015400618
06200;nice;43.712363989;7.237937874
06260;puget rostang;43.986830231;6.936307345
06260;st leger;44.002294788;6.8228033880000005
06260;la rochette;43.912488847;6.880350571
06250;mougins;43.596083559;7.001095284
06000;nice;43.712363989;7.237937874
06260;la penne;43.925215318;6.94190649
06260;rigaud;43.993354962;6.974785142
06260;la croix sur roudoule;44.000318237;6.870337707
06260;lieuche;44.001683889;7.032694512
04420;archail;44.111165658;6.330564632
05350;chateau ville vieille;44.767523084;6.800176377
05300;lazer;44.351217454;5.848665825
05340;vallouise pelvoux;44.872925252;6.426552143
05310;la roche de rame;44.765745705;6.616345453
05330;st chaffrey;44.934848757;6.601274423
04410;puimoisson;43.871351854;6.121544923
04410;st jurs;43.898767429;6.192879264
05310;freissinieres;44.736301444;6.460175701
05320;la grave;45.060075151;6.283652963
05300;le poet;44.279225901;5.901443907
05350;st veran;44.684299835;6.890117189
05300;upaix;44.320001015;5.88302729
05300;ventavon;44.385297939;5.888677289
04400;enchastrayes;44.36400889;6.710772982
04400;faucon de barcelonnette;44.413586949;6.678441269
04420;la javie;44.197120293;6.322251467
04420;prads haute bleone;44.213354213;6.463979188
04400;st pons;44.417267861;6.615003273
04400;uvernet fours;44.319111881;6.670341203
05310;champcella;44.718055761;6.530743259
05300;eourres;44.213900484;5.728925992
05300;garde colombe;44.365830958;5.782197824
05350;molines en queyras;44.71654883;6.892208798
05300;val buech meouge;44.248029597;5.822636764
05300;st pierre avez;44.248904177;5.767982778
05300;saleon;44.320301023;5.77522929
04420;beaujeu;44.218434265;6.371540779
04420;le brusquet;44.168338068;6.303394881
04420;marcoux;44.128099152;6.279927689
05300;barret sur meouge;44.264869824;5.728391419
05300;laragne monteglin;44.334172613;5.816091277
04400;barcelonnette;44.379016563;6.651674481
04420;draix;44.130158879;6.371340691
04400;les thuiles;44.390247984;6.56117443
05350;arvieux;44.764278425;6.722280206
05380;chateauroux les alpes;44.642288128;6.483329998
05300;salerans;44.242095003;5.701180793
